{"stat.chestOpened":4,"stat.walkOneCm":23267,"stat.pickup.immersiveengineering.seed":1,"stat.useItem.mmorpg.bow/bow0":25,"stat.killEntity.aoa3.goalby":1,"stat.leaveGame":1,"stat.pickup.minecraft.string":3,"stat.jump":264,"stat.swimOneCm":184,"stat.pickup.divinerpg.cyclops_eye_shards":1,"stat.useItem.mmorpg.sword/sword0":12,"stat.pickup.xreliquary.mob_ingredient":1,"stat.crouchOneCm":63,"stat.pickup.minecraft.sapling":1,"stat.sprintOneCm":15560,"stat.pickup.biomesoplenty.flower_0":5,"stat.pickup.minecraft.paper":1,"stat.pickup.minecraft.gold_ingot":11,"stat.killEntity.Skeleton":3,"stat.pickup.aoa3.scrap_metal":3,"stat.killEntity.aoa3.magicke":2,"stat.pickup.mmorpg.axe/axe0":1,"stat.pickup.minecraft.pumpkin_seeds":3,"stat.useItem.spartanfire.greatsword_fire_dragonsteel":230,"stat.pickup.immersiveengineering.metal":1,"stat.mobKills":36,"stat.pickup.minecraft.cobblestone":6,"stat.killEntity.divinerpg.cyclops":1,"stat.killEntity.CaveSpider":7,"stat.flyOneCm":211264,"stat.pickup.minecraft.clay":11,"stat.pickup.minecraft.soul_sand":14,"stat.killEntity.hippogryph":1,"stat.pickup.minecraft.wheat_seeds":1,"stat.pickup.minecraft.diamond":13,"stat.playOneMinute":19153,"stat.pickup.minecraft.torch":2,"stat.pickup.mysticalworld.aubergine_seed":2,"stat.killEntity.Sheep":1,"stat.pickup.minecraft.red_flower":2,"stat.sneakTime":246,"stat.pickup.mmorpg.bow/bow0":1,"stat.damageDealt":5768,"stat.killEntity.Zombie":7,"stat.timeSinceDeath":19153,"stat.pickup.minecraft.stone_slab":2,"stat.pickup.minecraft.yellow_flower":1,"stat.pickup.minecraft.netherrack":1,"stat.diveOneCm":3302,"stat.useItem.spartanfire.boomerang_fire_dragonbone":5}