{"stat.chestOpened":2,"stat.pickup.mmorpg.boots/boots3":1,"stat.walkOneCm":90063,"stat.useItem.portalgun.item_portalgun":4,"stat.pickup.mmorpg.normal_upgrade_infusion":1,"stat.pickup.aoa3.raw_ursa_meat":3,"stat.pickup.mmorpg.orb_of_transmutation":2,"stat.leaveGame":1,"stat.pickup.biomesoplenty.sapling_0":1,"stat.pickup.biomesoplenty.sapling_1":7,"stat.craftItem.akashictome.tome":8,"stat.pickup.minecraft.string":2,"stat.pickup.divinerpg.tomato":2,"stat.pickup.mmorpg.resource_infusion":1,"stat.swimOneCm":780,"stat.jump":513,"stat.drop.biomesoplenty.sapling_0":1,"stat.killEntity.aoa3.snow_charger":1,"stat.fallOneCm":9865,"stat.pickup.aoa3.ice_crystal":1,"stat.pickup.mmorpg.add_prefix":2,"stat.killEntity.aoa3.cyclops":2,"stat.killEntity.divinerpg.frost":1,"stat.pickup.mysticalworld.silver_knife":1,"stat.drop.minecraft.sapling":1,"stat.crouchOneCm":1484,"stat.pickup.mmorpg.charm/charm3":1,"stat.useItem.minecraft.written_book":5,"stat.useItem.mmorpg.sword/sword5":1,"stat.pickup.minecraft.sapling":2,"stat.sprintOneCm":70741,"stat.useItem.minecraft.stone_slab2":15,"stat.pickup.minecraft.apple":3,"stat.mineBlock.biomesoplenty.log_0":37,"stat.pickup.mmorpg.randomize_suffix":2,"stat.craftingTableInteraction":7,"stat.pickup.mmorpg.chaos_orb":2,"stat.pickup.mmorpg.reroll_suffix_numbers":1,"stat.killEntity.aoa3.polar_ursa":1,"stat.pickup.biomesoplenty.log_0":37,"stat.pickup.mysticalworld.silkworm_egg":4,"stat.damageTaken":140,"stat.pickup.minecraft.feather":1,"stat.killEntity.Spider":1,"stat.waystones:waystonesActivated":1,"stat.killEntity.aoa3.hunch":1,"stat.pickup.aoa3.raw_charger_shank":1,"stat.mobKills":11,"stat.flyOneCm":852326,"stat.deaths":1,"stat.drop":2,"stat.pickup.mmorpg.superior_upgrade_infusion":2,"stat.useItem.minecraft.writable_book":1,"stat.playOneMinute":62639,"stat.killEntity.Witch":1,"stat.killEntity.aoa3.night_reaper":1,"stat.pickup.minecraft.torch":1,"stat.useItem.divinerpg.aquatooth_sword":301,"stat.killEntity.Sheep":1,"stat.pickup.mmorpg.add_secondary_stat":1,"stat.sneakTime":1954,"stat.pickup.divinerpg.ice_shards":3,"stat.pickup.divinerpg.ice_stone":2,"stat.pickup.minecraft.wool":1,"stat.pickup.aoa3.copper_coin":6,"stat.damageDealt":3318,"stat.pickup.mmorpg.number_reroll":3,"stat.timeSinceDeath":15906,"stat.useItem.mysticalworld.silver_knife":18,"stat.mineBlock.minecraft.tallgrass":1,"stat.pickup.minecraft.mutton":1,"stat.diveOneCm":9891,"stat.useItem.divinerpg.molten_sword":14}