{"stat.pickup.minecraft.wooden_slab":1,"stat.leaveGame":3,"stat.killEntity.aoa3.sasquatch":8,"stat.useItem.minecraft.planks":12,"stat.mineBlock.minecraft.web":27,"stat.killEntity.aoa3.boneback":2,"stat.pickup.minecraft.porkchop":10,"stat.killEntity.aoa3.goblin":5,"stat.pickup.aoa3.scrap_metal":1,"stat.entityKilledBy.aoa3.goblin":1,"stat.craftItem.actuallyadditions.block_misc":1,"stat.pickup.harvestcraft.wintersquashitem":2,"stat.mineBlock.minecraft.wooden_slab":1,"stat.pickup.biomesoplenty.mushroom":1,"stat.pickup.mowziesmobs.barakoa_mask_misery":2,"stat.pickup.quark.tallow":8,"stat.mineBlock.openblocks.grave":1,"stat.pickup.xlfoodmod.strawberry_seeds":1,"stat.useItem.minecraft.iron_pickaxe":20,"stat.pickup.minecraft.stained_hardened_clay":1,"stat.useItem.minecraft.iron_shovel":23,"stat.pickup.minecraft.double_plant":1,"stat.trappedChestTriggered":6,"stat.pickup.aoa3.fragmented_anima_stone":1,"stat.mineBlock.minecraft.vine":4,"stat.furnaceInteraction":20,"stat.pickup.harvestcraft.cornitem":1,"stat.pickup.iceandfire.dragon_skull":1,"stat.pickup.actuallyadditions.item_solidified_experience":30,"stat.mineBlock.immersiveengineering.wooden_device0":5,"stat.pickup.minecraft.beef":43,"stat.useItem.minecraft.cooked_mutton":7,"stat.pickup.minecraft.furnace":4,"stat.mineBlock.harvestcraft.windygarden":3,"stat.pickup.minecraft.hay_block":369,"stat.pickup.minecraft.leather_helmet":1,"stat.pickup.biomesoplenty.flower_1":75,"stat.mineBlock.minecraft.stained_hardened_clay":1,"stat.killEntity.aoa3.sand_golem":1,"stat.useItem.quark.stained_planks":1,"stat.mineBlock.harvestcraft.pamcinnamon":1,"stat.pickup.silentgear.sinew":4,"stat.mineBlock.harvestcraft.tropicalgarden":1,"stat.mineBlock.minecraft.fence":2,"stat.pickup.mowziesmobs.barakoa_mask_rage":1,"stat.mineBlock.divinerpg.divine_log":6,"stat.pickup.immersiveengineering.wooden_decoration":1,"stat.pickup.aoa3.rosite_ingot":3,"stat.mineBlock.minecraft.oak_stairs":1,"stat.deaths":1,"stat.pickup.mowziesmobs.barakoa_mask_fury":1,"stat.playOneMinute":173421,"stat.craftItem.craftingstation.crafting_station":4,"stat.killEntity.aoa3.bush_baby":1,"stat.craftItem.minecraft.cooked_mutton":7,"stat.mineBlock.minecraft.tallgrass":13,"stat.chestOpened":102,"stat.pickup.minecraft.pumpkin":9,"stat.mineBlock.divinerpg.divine_leaves":19,"stat.mineBlock.immersiveengineering.wooden_decoration":1,"stat.pickup.minecraft.gold_nugget":2,"stat.craftItem.biomesoplenty.planks_0":60,"stat.fallOneCm":85728,"stat.pickup.minecraft.carrot":1,"stat.crouchOneCm":1411,"stat.mineBlock.minecraft.chest":3,"stat.craftItem.minecraft.chest":4,"stat.pickup.minecraft.melon":55,"stat.pickup.craftingstation.crafting_station":10,"stat.killEntity.divinerpg.pumpkin_spider":8,"stat.craftingTableInteraction":48,"stat.useItem.cyclicmagic.inventory_food":1,"stat.killEntity.aoa3.magicke":1,"stat.pickup.minecraft.feather":19,"stat.useItem.minecraft.furnace":1,"stat.craftItem.minecraft.wooden_sword":2,"stat.mineBlock.biomesoplenty.plant_0":7,"stat.pickup.minecraft.planks":77,"stat.mineBlock.minecraft.spruce_fence":2,"stat.pickup.minecraft.wheat_seeds":4,"stat.mineBlock.minecraft.gravel":1,"stat.pickup.waystones.waystone":2,"stat.killEntity.aoa3.charger":8,"stat.pickup.harvestcraft.cinnamonitem":2,"stat.mineBlock.xlfoodmod.grass":1,"stat.mineBlock.minecraft.dirt":3,"stat.useItem.minecraft.torch":3,"stat.useItem.minecraft.bread":22,"stat.mineBlock.biomesoplenty.leaves_1":1,"stat.mineBlock.biomesoplenty.leaves_5":1,"stat.pickup.minecraft.iron_nugget":2,"stat.pickup.minecraft.crafting_table":1,"stat.craftItem.minecraft.crafting_table":4,"stat.mineBlock.minecraft.double_plant":1,"stat.pickup.minecraft.redstone_block":1,"stat.pickup.minecraft.log":33,"stat.killEntity.entity_deer":2,"stat.pickup.minecraft.iron_pickaxe":1,"stat.useItem.mysticalworld.copper_axe":168,"stat.pickup.minecraft.chicken":1,"stat.pickup.minecraft.sapling":16,"stat.pickup.minecraft.apple":28,"stat.pickup.quark.stained_planks":1,"stat.craftItem.minecraft.planks":52,"stat.pickup.biomesoplenty.berries":1,"stat.pickup.aoa3.raw_charger_shank":9,"stat.pickup.minecraft.book":27,"stat.mineBlock.minecraft.log":37,"stat.pickup.iceandfire.dragonbone":15,"stat.pickup.improvedbackpacks.tanned_leather":8,"stat.useItem.chesttransporter.chesttransporter":11,"stat.killEntity.aoa3.chimera":11,"stat.pickup.minecraft.red_flower":3,"stat.sneakTime":1000,"stat.pickup.minecraft.wool":78,"stat.pickup.aoa3.copper_coin":14,"stat.pickup.minecraft.stone_slab":2,"stat.pickup.minecraft.yellow_flower":1,"stat.mineBlock.minecraft.jukebox":1,"stat.useItem.heroicarmory.rsironwarhammer":333,"stat.pickup.heroicarmory.rsironwarhammer":1,"stat.pickup.minecraft.trapped_chest":2,"stat.pickup.minecraft.chest":3,"stat.useItem.minecraft.web":8,"stat.pickup.minecraft.bone":2,"stat.useItem.minecraft.iron_axe":174,"stat.mineBlock.minecraft.cobblestone":3,"stat.pickup.immersiveengineering.wooden_device0":5,"stat.pickup.divinerpg.terran_shards":9,"stat.pickup.minecraft.flower_pot":1,"stat.useItem.cyclicmagic.sandstone_pickaxe":95,"stat.mineBlock.signpost.blockpostoak":2,"stat.swimOneCm":1794,"stat.climbOneCm":43959,"stat.pickup.minecraft.writable_book":1,"stat.useItem.minecraft.stone_slab2":57,"stat.pickup.minecraft.iron_boots":2,"stat.killEntity.aoa3.rammerhead":7,"stat.pickup.mysticalworld.silkworm_egg":21,"stat.craftItem.minecraft.cooked_beef":16,"stat.pickup.minecraft.cobblestone":4,"stat.mineBlock.minecraft.carpet":2,"stat.craftItem.improvedbackpacks.bound_leather":9,"stat.mineBlock.minecraft.clay":22,"stat.mineBlock.minecraft.redstone_block":1,"stat.flyOneCm":434905,"stat.pickup.actuallyadditions.item_booklet":1,"stat.timeSinceDeath":78152,"stat.pickup.minecraft.mutton":22,"stat.mineBlock.biomesoplenty.log_3":78,"stat.mineBlock.biomesoplenty.log_2":142,"stat.killEntity.aoa3.horndron":1,"stat.mineBlock.signpost.blockbasemodel1":2,"stat.pickup.aoa3.rammerhead_hide":4,"stat.pickup.minecraft.stonebrick":2,"stat.pickup.minecraft.spruce_fence":2,"stat.useItem.minecraft.cooked_porkchop":17,"stat.pickup.minecraft.iron_shovel":1,"stat.pickup.minecraft.carpet":2,"stat.talkedToVillager":18,"stat.pickup.minecraft.wooden_sword":1,"stat.pickup.minecraft.string":32,"stat.craftItem.harvestcraft.apple_sapling":2,"stat.craftItem.minecraft.stone_slab2":0,"stat.killEntity.aoa3.cyclops":3,"stat.sprintOneCm":417916,"stat.mineBlock.biomesoplenty.flower_1":86,"stat.mineBlock.minecraft.stone_slab":2,"stat.useItem.minecraft.hay_block":8,"stat.mineBlock.biomesoplenty.log_0":48,"stat.craftItem.minecraft.stick":108,"stat.pickup.minecraft.bone_block":90,"stat.useItem.aoa3.raw_chimera_chop":20,"stat.useItem.minecraft.bed":2,"stat.pickup.mowziesmobs.barakoa_mask_fear":2,"stat.mineBlock.biomesoplenty.mushroom":1,"stat.mineBlock.minecraft.crafting_table":1,"stat.pickup.minecraft.leather_leggings":1,"stat.pickup.harvestcraft.mustardseedsitem":1,"stat.mineBlock.minecraft.planks":79,"stat.useItem.minecraft.wooden_sword":27,"stat.pickup.minecraft.jukebox":1,"stat.killEntity.Sheep":16,"stat.killEntity.Zombie":1,"stat.craftItem.minecraft.dye":88,"stat.diveOneCm":1194,"stat.pickup.biomesoplenty.peach":3,"stat.craftItem.chesttransporter.chesttransporter":19,"stat.mineBlock.minecraft.mossy_cobblestone":2,"stat.mineBlock.quark.stained_planks":1,"stat.killEntity.aoa3.goalby":1,"stat.pickup.minecraft.gravel":1,"stat.craftItem.minecraft.cooked_porkchop":17,"stat.killEntity.aoa3.elkanyne":4,"stat.useItem.minecraft.apple":4,"stat.jump":1872,"stat.pickup.minecraft.fence":2,"stat.pickup.minecraft.coal":14,"stat.pickup.scalinghealth.crystalshard":2,"stat.pickup.aoa3.raw_chimera_chop":22,"stat.mineBlock.craftingstation.crafting_station":8,"stat.pickup.minecraft.dirt":3,"stat.useItem.minecraft.cooked_chicken":4,"stat.pickup.minecraft.iron_axe":1,"stat.mineBlock.minecraft.glass_pane":6,"stat.damageTaken":2490,"stat.pickup.minecraft.leather":30,"stat.mineBlock.minecraft.furnace":4,"stat.mineBlock.minecraft.melon_block":10,"stat.mineBlock.minecraft.torch":2,"stat.dispenserInspected":1,"stat.pickup.minecraft.log2":3,"stat.pickup.mysticalagriculture.crafting":32,"stat.pickup.familiarfauna.turkey_leg_raw":4,"stat.pickup.minecraft.bed":8,"stat.pickup.minecraft.potato":55,"stat.pickup.minecraft.oak_stairs":1,"stat.pickup.silentgear.flaxseeds":2,"stat.damageDealt":29815,"stat.sleepInBed":13,"stat.killEntity.Cow":23,"stat.killEntity.Pig":3,"stat.useItem.biomesoplenty.log_3":19,"stat.pickup.harvestcraft.elderberryitem":2,"stat.walkOneCm":504978,"stat.pickup.minecraft.stick":67,"stat.craftItem.mysticalworld.copper_axe":2,"stat.pickup.minecraft.clay_ball":68,"stat.pickup.biomesoplenty.sapling_0":7,"stat.pickup.biomesoplenty.sapling_1":13,"stat.mineBlock.minecraft.trapped_chest":2,"stat.pickup.biomesoplenty.sapling_2":8,"stat.pickup.divinerpg.divine_log":6,"stat.killEntity.divinerpg.kobblin":2,"stat.mineBlock.minecraft.wool":63,"stat.killEntity.familiarfauna.turkey":3,"stat.pickup.aoa3.ivory":2,"stat.pickup.biomesoplenty.log_3":131,"stat.pickup.biomesoplenty.log_0":48,"stat.mineBlock.minecraft.stonebrick":2,"stat.pickup.biomesoplenty.log_2":146,"stat.killEntity.Chicken":3,"stat.pickup.signpost.blockbasemodel1":2,"stat.useItem.biomesoplenty.planks_0":3,"stat.pickup.harvestcraft.strawberryitem":1,"stat.pickup.minecraft.bread":21,"stat.mineBlock.waystones.waystone":2,"stat.mobKills":130,"stat.mineBlock.minecraft.bookshelf":9,"stat.mineBlock.minecraft.leaves":131,"stat.pickup.minecraft.torch":8,"stat.pickup.signpost.blockpostoak":2,"stat.mineBlock.minecraft.bone_block":90,"stat.craftItem.quark.stained_planks":16,"stat.mineBlock.minecraft.hay_block":315,"stat.mineBlock.minecraft.stone":1,"stat.craftItem.actuallyadditions.block_giant_chest":1}