{
  "divinerpg:overworld/root": {
    "criteria": {
      "divinerpg": "2021-01-01 19:58:54 +0100"
    },
    "done": true
  },
  "aoa3:overworld/by_the_books": {
    "criteria": {
      "legitimate": "2021-01-01 19:58:54 +0100"
    },
    "done": true
  },
  "iceandfire:iceandfire/root": {
    "criteria": {
      "tick": "2021-01-01 19:58:59 +0100"
    },
    "done": true
  },
  "mowziesmobs:root": {
    "criteria": {
      "custom_test_name": "2021-01-01 19:58:59 +0100"
    },
    "done": true
  },
  "aoa3:overworld/root": {
    "criteria": {
      "playerjoin": "2021-01-01 19:58:54 +0100"
    },
    "done": true
  },
  "mysticalworld:root": {
    "criteria": {
      "auto": "2021-01-01 19:58:54 +0100"
    },
    "done": true
  },
  "minecraft:adventure/adventuring_time": {
    "criteria": {
      "jungle_hills": "2021-01-01 19:58:54 +0100"
    },
    "done": false
  }
}